,0,1,2,3,4,5,6
current_policy,"Title: Summary comparison - correctness policy

Objective
Evaluate which summary includes less false information.

Instructions
You are given 2 summaries (A, B) created from a reference text. Evaluate which summary includes less false information.

Scoring Criteria
A significantly better than B (Score: -2)
A slightly better than B (Score: -1)
Neither A or B is better than the other (Score: 0)
B slightly better than A (Score: 1)
B significantly better than A (Score 2)","Title: Summary comparison - accuracy policy

Objective
Evaluate which summary accurately captures the essence of the original text.

Instructions
You are given 2 summaries (A, B) created from a reference text. Evaluate which summary accurately reflects the information provided in the original text without introducing false information.

Scoring Criteria
A significantly better than B (Score: -2)
A slightly better than B (Score: -1)
Neither A or B is better than the other (Score: 0)
B slightly better than A (Score: 1)
B significantly better than A (Score 2)

Additional Guidance
Consider the relevance, completeness, and accuracy of the information in each summary. Ensure that the summary addresses the key concerns or questions posed in the original text without introducing false information. If a summary accurately captures the main points and addresses the specific queries from the original text, it should be considered better than the other summary. If a summary fails to accurately reflect the main points or introduces false information, it should be scored lower.","Title: Summary comparison - accuracy policy

Objective
Evaluate which summary accurately captures the essence of the original text without introducing false information.

Instructions
You are given 2 summaries (A, B) created from a reference text. Evaluate which summary accurately reflects the information provided in the original text without introducing false information. Consider the relevance, completeness, and accuracy of the information in each summary. Ensure that the summary addresses the key concerns or questions posed in the original text without introducing false information.

Scoring Criteria
A significantly better than B (Score: -2)
A slightly better than B (Score: -1)
Neither A or B is better than the other (Score: 0)
B slightly better than A (Score: 1)
B significantly better than A (Score 2)

Additional Guidance
Consider the specific queries and concerns from the original text and assess which summary directly addresses these points without introducing false information. If a summary accurately captures the main points and addresses the specific queries from the original text, it should be considered better than the other summary. If a summary fails to accurately reflect the main points or introduces false information, it should be scored lower. Ensure that the summaries are evaluated based on their direct relevance to the original text and the specific queries posed.","Title: Summary comparison - accuracy policy

Objective
Evaluate which summary accurately captures the essence of the original text without introducing false information.

Instructions
You are given 2 summaries (A, B) created from a reference text. Evaluate which summary accurately reflects the information provided in the original text without introducing false information. Consider the relevance, completeness, and accuracy of the information in each summary. Ensure that the summary addresses the key concerns or questions posed in the original text without introducing false information.

Scoring Criteria
A significantly better than B (Score: -2)
A slightly better than B (Score: -1)
Neither A or B is better than the other (Score: 0)
B slightly better than A (Score: 1)
B significantly better than A (Score 2)

Additional Guidance
Consider the specific queries and concerns from the original text and assess which summary directly addresses these points without introducing false information. If a summary accurately captures the main points and addresses the specific queries from the original text, it should be considered better than the other summary. If a summary fails to accurately reflect the main points or introduces false information, it should be scored lower. Ensure that the summaries are evaluated based on their direct relevance to the original text and the specific queries posed.","Title: Summary comparison - accuracy policy

Objective
Evaluate which summary accurately captures the essence of the original text without introducing false information.

Instructions
You are given 2 summaries (A, B) created from a reference text. Evaluate which summary accurately reflects the information provided in the original text without introducing false information. Consider the relevance, completeness, and accuracy of the information in each summary. Ensure that the summary addresses the key concerns or questions posed in the original text without introducing false information.

Scoring Criteria
A significantly better than B (Score: -2)
A slightly better than B (Score: -1)
Neither A or B is better than the other (Score: 0)
B slightly better than A (Score: 1)
B significantly better than A (Score 2)

Additional Guidance
Consider the specific queries and concerns from the original text and assess which summary directly addresses these points without introducing false information. If a summary accurately captures the main points and addresses the specific queries from the original text, it should be considered better than the other summary. If a summary fails to accurately reflect the main points or introduces false information, it should be scored lower. Ensure that the summaries are evaluated based on their direct relevance to the original text and the specific queries posed.

Note: When evaluating the summaries, focus on directly addressing the concerns and queries from the original text without introducing false information. Ensure that the summaries provide accurate and relevant information in response to the specific queries and concerns raised in the original text.","Title: Summary comparison - accuracy policy

Objective
Evaluate which summary accurately captures the essence of the original text without introducing false information.

Instructions
You are given 2 summaries (A, B) created from a reference text. Evaluate which summary accurately reflects the information provided in the original text without introducing false information. Consider the relevance, completeness, and accuracy of the information in each summary. Ensure that the summary addresses the key concerns or questions posed in the original text without introducing false information.

Scoring Criteria
A significantly better than B (Score: -2)
A slightly better than B (Score: -1)
Neither A or B is better than the other (Score: 0)
B slightly better than A (Score: 1)
B significantly better than A (Score 2)

Additional Guidance
Consider the specific queries and concerns from the original text and assess which summary directly addresses these points without introducing false information. If a summary accurately captures the main points and addresses the specific queries from the original text, it should be considered better than the other summary. If a summary fails to accurately reflect the main points or introduces false information, it should be scored lower. Ensure that the summaries are evaluated based on their direct relevance to the original text and the specific queries posed.

Note: When evaluating the summaries, focus on directly addressing the concerns and queries from the original text without introducing false information. Ensure that the summaries provide accurate and relevant information in response to the specific queries and concerns raised in the original text. Pay close attention to the specific details mentioned in the original text and how well they are reflected in the summaries.","Title: Summary comparison - accuracy policy

Objective
Evaluate which summary accurately captures the essence of the original text without introducing false information.

Instructions
You are given 2 summaries (A, B) created from a reference text. Evaluate which summary accurately reflects the information provided in the original text without introducing false information. Consider the relevance, completeness, and accuracy of the information in each summary. Ensure that the summary addresses the key concerns or questions posed in the original text without introducing false information.

Scoring Criteria
A significantly better than B (Score: -2)
A slightly better than B (Score: -1)
Neither A or B is better than the other (Score: 0)
B slightly better than A (Score: 1)
B significantly better than A (Score 2)

Additional Guidance
Consider the specific queries and concerns from the original text and assess which summary directly addresses these points without introducing false information. If a summary accurately captures the main points and addresses the specific queries from the original text, it should be considered better than the other summary. If a summary fails to accurately reflect the main points or introduces false information, it should be scored lower. Ensure that the summaries are evaluated based on their direct relevance to the original text and the specific queries posed.

Note: When evaluating the summaries, focus on directly addressing the concerns and queries from the original text without introducing false information. Ensure that the summaries provide accurate and relevant information in response to the specific queries and concerns raised in the original text. Pay close attention to the specific details mentioned in the original text and how well they are reflected in the summaries. It is important to consider the specific details and context of the original text to accurately assess the summaries."
score,0.8518518518518519,0.8591549295774648,0.8873239436619719,0.8591549295774648,0.8888888888888888,0.925,0.873015873015873
lower_limit,0.78125,0.7857142857142857,0.8214285714285714,0.7857142857142857,0.813953488372093,0.84375,0.78
upper_limit,0.921875,0.9285714285714286,0.9464285714285714,0.9285714285714286,0.9534883720930233,1.0,0.94
distance,0,1063,1863,0,302,725,968
missed statements,"[(""SUBJECT: don't know what to do about keeping dressing on my 17 month olds stitches. MESSAGE: I have a 17 month old that had stitches on his left index finger and he wont keep on the dressing / bandage. please help me to figure out what to do."", -2, 1.0), ('SUBJECT: streched or torn tendons/ left leg. MESSAGE: I have torn or streched tendons in my wrist,or ankle,before.The one incident ended up having to be corrected through an OP.The cartilegde known as Discus Triangulares grew back wrong and the scarred tissue,pushed on a nerve,causing my hand and arm to go numb.          My question concerns a fall I had about 5 weeks ago.In this fall,I hurt my left wrist,and leg,my wrist took about 3 weeks to heal up,and no longer bothers me.My left leg,however,is still bothering me.Is it possible that I tore something that is pinching a nerve in my leg??While standing,for prolonged intervals my upper thigh tingles,as if my leg has gone to sleep.The front and side of my thigh are tender to touch,(as if I burnt myself badly,or someone hit me with something real hard.)The original pain I had,was in the back of my knee.I know that a tendon takes 8 weeks or more to heal,it has now been almost 6 weeks.', -2, 1.0), ('Hello. I have been a small eater my entire life, but always had difficulties eating. I’ve never looked at myself as having an eating disorder, but during the last year I came onto other thoughts when I went on a scale and saw a tiny bit of weight loss even when I felt I was eating more. That was earlier this year. For the last while I’ve had extremely difficulties eating. One meal a day is struggle enough. I want to gain weight and I want to eat. I’m a size 8, but sometimes even that is slightly big. I have never looked at myself as fat and always wanted to gain weight but never really had a desire to eat unless I’m super hungry or feel like I need to eat to avoid passing out. My stomach tells me to eat, but my brain informs me that I don’t need food and therefore I don’t eat. At my worst I feel nauseous just the tought of eating. I am super worried about this. Is there any vitamins or some sort of medication that can get me to eat even just a little bit more? Thanks.', 0, -1.0), ('SUBJECT: MMR second dosage by mistake. MESSAGE: my daughter got the MMR vaccination at 1 year old, then she got a second dosage by mistake after two weeks froim the first one. is this dangerous to her> Is there anything I can do?', -2, -1.0), ('i am 28 height 170 cm ,58 kg tropical area living.my eyes are infected when i watch to a plain surface i can see something moving like a narrow tubes before my eyes.it seems partially burned like half burned worms and i am also seeing something glittering in front of my eyes i checked ASO it is 230 (normal value is 200)i am lean and no increase in body weight for the last 8 years. how can you help me', -2, 1.0), (""I have MDS, I cannot hold on to copper? I'm on 10 mgs oral per day. I receive 8 mgs of IV  5 days per month with my Vidaiza chemo therapy. I have readings of 58 to 62 on average. I have had one 71 and one 81 normal. The doctors don't know why or who to contact? I would like Your input for where to get help?"", -1, 2.0), ('SUBJECT: MMR second dosage by mistake. MESSAGE: my daughter got the MMR vaccination at 1 year old, then she got a second dosage by mistake after two weeks froim the first one. is this dangerous to her> Is there anything I can do?', 2, -1.0), ('SUBJECT: MMR second dosage by mistake. MESSAGE: my daughter got the MMR vaccination at 1 year old, then she got a second dosage by mistake after two weeks froim the first one. is this dangerous to her> Is there anything I can do?', -2, -1.0), ('Hello. I have been a small eater my entire life, but always had difficulties eating. I’ve never looked at myself as having an eating disorder, but during the last year I came onto other thoughts when I went on a scale and saw a tiny bit of weight loss even when I felt I was eating more. That was earlier this year. For the last while I’ve had extremely difficulties eating. One meal a day is struggle enough. I want to gain weight and I want to eat. I’m a size 8, but sometimes even that is slightly big. I have never looked at myself as fat and always wanted to gain weight but never really had a desire to eat unless I’m super hungry or feel like I need to eat to avoid passing out. My stomach tells me to eat, but my brain informs me that I don’t need food and therefore I don’t eat. At my worst I feel nauseous just the tought of eating. I am super worried about this. Is there any vitamins or some sort of medication that can get me to eat even just a little bit more? Thanks.', 0, -1.0), ('I need to find out about chromium, cyanide copper, acid copper, nickel, and lead build up in the human body, how it affects it,long term health, if it can be removed, Thank you.', 0, -1.0), ('I have fish smell disorder and i need as much as i could help. Please', 0, 1.0), ('I need to find out about chromium, cyanide copper, acid copper, nickel, and lead build up in the human body, how it affects it,long term health, if it can be removed, Thank you.', 0, -1.0)]","[(""SUBJECT: don't know what to do about keeping dressing on my 17 month olds stitches. MESSAGE: I have a 17 month old that had stitches on his left index finger and he wont keep on the dressing / bandage. please help me to figure out what to do."", -2, 1.0), ('I have fish smell disorder and i need as much as i could help. Please', 0, 1.0), ('hai sir, we want suggestion to my wife. she is sugar patient and she is pregnant. in her uterus have two fibroid  of max size (750g and 300g). doctors are suspecting pregnancy may be in uterus or tubes. so remove uterus. what is u r suggestion', -2, -1.0), ('Hello. I have been a small eater my entire life, but always had difficulties eating. I’ve never looked at myself as having an eating disorder, but during the last year I came onto other thoughts when I went on a scale and saw a tiny bit of weight loss even when I felt I was eating more. That was earlier this year. For the last while I’ve had extremely difficulties eating. One meal a day is struggle enough. I want to gain weight and I want to eat. I’m a size 8, but sometimes even that is slightly big. I have never looked at myself as fat and always wanted to gain weight but never really had a desire to eat unless I’m super hungry or feel like I need to eat to avoid passing out. My stomach tells me to eat, but my brain informs me that I don’t need food and therefore I don’t eat. At my worst I feel nauseous just the tought of eating. I am super worried about this. Is there any vitamins or some sort of medication that can get me to eat even just a little bit more? Thanks.', -2, -1.0), ('i am 28 height 170 cm ,58 kg tropical area living.my eyes are infected when i watch to a plain surface i can see something moving like a narrow tubes before my eyes.it seems partially burned like half burned worms and i am also seeing something glittering in front of my eyes i checked ASO it is 230 (normal value is 200)i am lean and no increase in body weight for the last 8 years. how can you help me', -2, 1.0), (""I have MDS, I cannot hold on to copper? I'm on 10 mgs oral per day. I receive 8 mgs of IV  5 days per month with my Vidaiza chemo therapy. I have readings of 58 to 62 on average. I have had one 71 and one 81 normal. The doctors don't know why or who to contact? I would like Your input for where to get help?"", -2, 2.0), ('SUBJECT: MMR second dosage by mistake. MESSAGE: my daughter got the MMR vaccination at 1 year old, then she got a second dosage by mistake after two weeks froim the first one. is this dangerous to her> Is there anything I can do?', 0, -1.0), ('SUBJECT: MMR second dosage by mistake. MESSAGE: my daughter got the MMR vaccination at 1 year old, then she got a second dosage by mistake after two weeks froim the first one. is this dangerous to her> Is there anything I can do?', -2, -1.0), ('hai sir, we want suggestion to my wife. she is sugar patient and she is pregnant. in her uterus have two fibroid  of max size (750g and 300g). doctors are suspecting pregnancy may be in uterus or tubes. so remove uterus. what is u r suggestion', -2, -1.0), ('I need to find out about chromium, cyanide copper, acid copper, nickel, and lead build up in the human body, how it affects it,long term health, if it can be removed, Thank you.', -2, -1.0)]","[('I have fish smell disorder and i need as much as i could help. Please', 0, 1.0), ('SUBJECT: MMR second dosage by mistake. MESSAGE: my daughter got the MMR vaccination at 1 year old, then she got a second dosage by mistake after two weeks froim the first one. is this dangerous to her> Is there anything I can do?', -2, -1.0), ('i am 28 height 170 cm ,58 kg tropical area living.my eyes are infected when i watch to a plain surface i can see something moving like a narrow tubes before my eyes.it seems partially burned like half burned worms and i am also seeing something glittering in front of my eyes i checked ASO it is 230 (normal value is 200)i am lean and no increase in body weight for the last 8 years. how can you help me', -2, 1.0), (""I have MDS, I cannot hold on to copper? I'm on 10 mgs oral per day. I receive 8 mgs of IV  5 days per month with my Vidaiza chemo therapy. I have readings of 58 to 62 on average. I have had one 71 and one 81 normal. The doctors don't know why or who to contact? I would like Your input for where to get help?"", 1, 2.0), ('SUBJECT: MMR second dosage by mistake. MESSAGE: my daughter got the MMR vaccination at 1 year old, then she got a second dosage by mistake after two weeks froim the first one. is this dangerous to her> Is there anything I can do?', -2, -1.0), ('SUBJECT: MMR second dosage by mistake. MESSAGE: my daughter got the MMR vaccination at 1 year old, then she got a second dosage by mistake after two weeks froim the first one. is this dangerous to her> Is there anything I can do?', -2, -1.0), ('hai sir, we want suggestion to my wife. she is sugar patient and she is pregnant. in her uterus have two fibroid  of max size (750g and 300g). doctors are suspecting pregnancy may be in uterus or tubes. so remove uterus. what is u r suggestion', -2, -1.0), ('I need to find out about chromium, cyanide copper, acid copper, nickel, and lead build up in the human body, how it affects it,long term health, if it can be removed, Thank you.', -2, -1.0)]","[(""I have Pulsatile Tinnitus for more than 12 years . I am a girl of 24 years and live in Pakistan. Doctors here, didn't recognize the problem. And now I have mild hearing loss and tinnitus also along with pulsatile tinnitus . it  interrupts my daily life and doesn't let me sleep at night time. Please sir help me , tell me how can I abolish my pulsatile tinnitus because I am now bothered and depressed so much"", -1, 1.0), ('I have fish smell disorder and i need as much as i could help. Please', 0, 1.0), ('hai sir, we want suggestion to my wife. she is sugar patient and she is pregnant. in her uterus have two fibroid  of max size (750g and 300g). doctors are suspecting pregnancy may be in uterus or tubes. so remove uterus. what is u r suggestion', -2, -1.0), ('Hello. I have been a small eater my entire life, but always had difficulties eating. I’ve never looked at myself as having an eating disorder, but during the last year I came onto other thoughts when I went on a scale and saw a tiny bit of weight loss even when I felt I was eating more. That was earlier this year. For the last while I’ve had extremely difficulties eating. One meal a day is struggle enough. I want to gain weight and I want to eat. I’m a size 8, but sometimes even that is slightly big. I have never looked at myself as fat and always wanted to gain weight but never really had a desire to eat unless I’m super hungry or feel like I need to eat to avoid passing out. My stomach tells me to eat, but my brain informs me that I don’t need food and therefore I don’t eat. At my worst I feel nauseous just the tought of eating. I am super worried about this. Is there any vitamins or some sort of medication that can get me to eat even just a little bit more? Thanks.', 0, -1.0), ('SUBJECT: MMR second dosage by mistake. MESSAGE: my daughter got the MMR vaccination at 1 year old, then she got a second dosage by mistake after two weeks froim the first one. is this dangerous to her> Is there anything I can do?', -2, -1.0), ('i am 28 height 170 cm ,58 kg tropical area living.my eyes are infected when i watch to a plain surface i can see something moving like a narrow tubes before my eyes.it seems partially burned like half burned worms and i am also seeing something glittering in front of my eyes i checked ASO it is 230 (normal value is 200)i am lean and no increase in body weight for the last 8 years. how can you help me', -2, 1.0), ('SUBJECT: MMR second dosage by mistake. MESSAGE: my daughter got the MMR vaccination at 1 year old, then she got a second dosage by mistake after two weeks froim the first one. is this dangerous to her> Is there anything I can do?', -2, -1.0), ('SUBJECT: MMR second dosage by mistake. MESSAGE: my daughter got the MMR vaccination at 1 year old, then she got a second dosage by mistake after two weeks froim the first one. is this dangerous to her> Is there anything I can do?', -2, -1.0), ('hai sir, we want suggestion to my wife. she is sugar patient and she is pregnant. in her uterus have two fibroid  of max size (750g and 300g). doctors are suspecting pregnancy may be in uterus or tubes. so remove uterus. what is u r suggestion', -2, -1.0), ('I need to find out about chromium, cyanide copper, acid copper, nickel, and lead build up in the human body, how it affects it,long term health, if it can be removed, Thank you.', -2, -1.0)]","[(""I have Pulsatile Tinnitus for more than 12 years . I am a girl of 24 years and live in Pakistan. Doctors here, didn't recognize the problem. And now I have mild hearing loss and tinnitus also along with pulsatile tinnitus . it  interrupts my daily life and doesn't let me sleep at night time. Please sir help me , tell me how can I abolish my pulsatile tinnitus because I am now bothered and depressed so much"", -2, 1.0), ('I have fish smell disorder and i need as much as i could help. Please', -2, 1.0), ('SUBJECT: MMR second dosage by mistake. MESSAGE: my daughter got the MMR vaccination at 1 year old, then she got a second dosage by mistake after two weeks froim the first one. is this dangerous to her> Is there anything I can do?', -2, -1.0), ('SUBJECT: MMR second dosage by mistake. MESSAGE: my daughter got the MMR vaccination at 1 year old, then she got a second dosage by mistake after two weeks froim the first one. is this dangerous to her> Is there anything I can do?', -2, -1.0), ('hai sir, we want suggestion to my wife. she is sugar patient and she is pregnant. in her uterus have two fibroid  of max size (750g and 300g). doctors are suspecting pregnancy may be in uterus or tubes. so remove uterus. what is u r suggestion', -2, -1.0), ('I have fish smell disorder and i need as much as i could help. Please', 0, 1.0)]","[('SUBJECT: MMR second dosage by mistake. MESSAGE: my daughter got the MMR vaccination at 1 year old, then she got a second dosage by mistake after two weeks froim the first one. is this dangerous to her> Is there anything I can do?', -2, -1.0), ('SUBJECT: MMR second dosage by mistake. MESSAGE: my daughter got the MMR vaccination at 1 year old, then she got a second dosage by mistake after two weeks froim the first one. is this dangerous to her> Is there anything I can do?', -2, -1.0), ('hai sir, we want suggestion to my wife. she is sugar patient and she is pregnant. in her uterus have two fibroid  of max size (750g and 300g). doctors are suspecting pregnancy may be in uterus or tubes. so remove uterus. what is u r suggestion', -2, -1.0)]","[('I have fish smell disorder and i need as much as i could help. Please', 0, 1.0), ('hai sir, we want suggestion to my wife. she is sugar patient and she is pregnant. in her uterus have two fibroid  of max size (750g and 300g). doctors are suspecting pregnancy may be in uterus or tubes. so remove uterus. what is u r suggestion', -2, -1.0), ('SUBJECT: MMR second dosage by mistake. MESSAGE: my daughter got the MMR vaccination at 1 year old, then she got a second dosage by mistake after two weeks froim the first one. is this dangerous to her> Is there anything I can do?', -2, -1.0), (""I have MDS, I cannot hold on to copper? I'm on 10 mgs oral per day. I receive 8 mgs of IV  5 days per month with my Vidaiza chemo therapy. I have readings of 58 to 62 on average. I have had one 71 and one 81 normal. The doctors don't know why or who to contact? I would like Your input for where to get help?"", -2, 2.0), ('SUBJECT: MMR second dosage by mistake. MESSAGE: my daughter got the MMR vaccination at 1 year old, then she got a second dosage by mistake after two weeks froim the first one. is this dangerous to her> Is there anything I can do?', -2, -1.0), ('SUBJECT: MMR second dosage by mistake. MESSAGE: my daughter got the MMR vaccination at 1 year old, then she got a second dosage by mistake after two weeks froim the first one. is this dangerous to her> Is there anything I can do?', -2, -1.0), ('hai sir, we want suggestion to my wife. she is sugar patient and she is pregnant. in her uterus have two fibroid  of max size (750g and 300g). doctors are suspecting pregnancy may be in uterus or tubes. so remove uterus. what is u r suggestion', -2, -1.0), ('I need to find out about chromium, cyanide copper, acid copper, nickel, and lead build up in the human body, how it affects it,long term health, if it can be removed, Thank you.', 1, -1.0)]"
