,0,1,2,3,4,5,6,7,8,9,10,11,12,13,14,15,16,17,18,19
current_policy,"Title: Summary comparison - correctness policy

Objective
Evaluate which summary includes less false information.

Instructions
You are given 2 summaries (A, B) created from a reference text. Evaluate which summary includes less false information.

Scoring Criteria
A significantly better than B (Score: -2)
A slightly better than B (Score: -1)
Neither A or B is better than the other (Score: 0)
B slightly better than A (Score: 1)
B significantly better than A (Score 2)","Title: Summary comparison - accuracy policy

Objective
Evaluate which summary accurately represents the information provided in the reference text.

Instructions
You are given 2 summaries (A, B) created from a reference text. Evaluate which summary accurately represents the information provided in the reference text.

Scoring Criteria
A significantly better than B in accurately representing the information (Score: -2)
A slightly better than B in accurately representing the information (Score: -1)
Neither A or B accurately represents the information (Score: 0)
B slightly better than A in accurately representing the information (Score: 1)
B significantly better than A in accurately representing the information (Score: 2)

Note: The focus is on the accuracy of the representation of information in the summaries, rather than subjective preferences or additional information not present in the reference text.","Title: Summary comparison - accuracy policy

Objective
Evaluate which summary accurately represents the information provided in the reference text.

Instructions
You are given 2 summaries (A, B) created from a reference text. Evaluate which summary accurately represents the information provided in the reference text.

Scoring Criteria
A significantly better than B in accurately representing the information (Score: -2)
A slightly better than B in accurately representing the information (Score: -1)
Neither A or B accurately represents the information (Score: 0)
B slightly better than A in accurately representing the information (Score: 1)
B significantly better than A in accurately representing the information (Score: 2)

Note: The focus is on the accuracy of the representation of information in the summaries, rather than subjective preferences or additional information not present in the reference text.

Additional Note: In cases where the summaries do not accurately represent the information provided in the reference text, it is important to carefully consider the specific details and context of the reference text to determine the most appropriate summary. If there is uncertainty about the accuracy of the summaries, it is recommended to seek further clarification or information to ensure the most accurate evaluation.","Title: Summary comparison - accuracy policy

Objective
Evaluate which summary accurately represents the information provided in the reference text.

Instructions
You are given 2 summaries (A, B) created from a reference text. Evaluate which summary accurately represents the information provided in the reference text.

Scoring Criteria
A significantly better than B in accurately representing the information (Score: -2)
A slightly better than B in accurately representing the information (Score: -1)
Neither A or B accurately represents the information (Score: 0)
B slightly better than A in accurately representing the information (Score: 1)
B significantly better than A in accurately representing the information (Score: 2)

Note: The focus is on the accuracy of the representation of information in the summaries, rather than subjective preferences or additional information not present in the reference text.

Additional Note: In cases where the summaries do not accurately represent the information provided in the reference text, it is important to carefully consider the specific details and context of the reference text to determine the most appropriate summary. If there is uncertainty about the accuracy of the summaries, it is recommended to seek further clarification or information to ensure the most accurate evaluation. If the summaries address different aspects of the reference text, the evaluation should reflect the degree to which each summary accurately represents the specific information it addresses.","Title: Summary comparison - accuracy policy

Objective
Evaluate which summary accurately represents the information provided in the reference text.

Instructions
You are given 2 summaries (A, B) created from a reference text. Evaluate which summary accurately represents the information provided in the reference text.

Scoring Criteria
A significantly better than B in accurately representing the information (Score: -2)
A slightly better than B in accurately representing the information (Score: -1)
Neither A or B accurately represents the information (Score: 0)
B slightly better than A in accurately representing the information (Score: 1)
B significantly better than A in accurately representing the information (Score: 2)

Note: The focus is on the accuracy of the representation of information in the summaries, rather than subjective preferences or additional information not present in the reference text.

Additional Note: In cases where the summaries do not accurately represent the information provided in the reference text, it is important to carefully consider the specific details and context of the reference text to determine the most appropriate summary. If there is uncertainty about the accuracy of the summaries, it is recommended to seek further clarification or information to ensure the most accurate evaluation. If the summaries address different aspects of the reference text, the evaluation should reflect the degree to which each summary accurately represents the specific information it addresses.

Revised Note: In cases where the summaries do not accurately represent the information provided in the reference text, it is important to carefully consider the specific details and context of the reference text to determine the most appropriate summary. If there is uncertainty about the accuracy of the summaries, it is recommended to seek further clarification or information to ensure the most accurate evaluation. Additionally, it is crucial to ensure that the summaries accurately capture the main concerns and details presented in the reference text, and any potential misinterpretations should be carefully addressed to avoid incorrect scoring.","Title: Summary comparison - accuracy policy

Objective
Evaluate which summary accurately represents the information provided in the reference text.

Instructions
You are given 2 summaries (A, B) created from a reference text. Evaluate which summary accurately represents the information provided in the reference text.

Scoring Criteria
A significantly better than B in accurately representing the information (Score: -2)
A slightly better than B in accurately representing the information (Score: -1)
Neither A or B accurately represents the information (Score: 0)
B slightly better than A in accurately representing the information (Score: 1)
B significantly better than A in accurately representing the information (Score: 2)

Note: The focus is on the accuracy of the representation of information in the summaries, rather than subjective preferences or additional information not present in the reference text.

Additional Note: In cases where the summaries do not accurately represent the information provided in the reference text, it is important to carefully consider the specific details and context of the reference text to determine the most appropriate summary. If there is uncertainty about the accuracy of the summaries, it is recommended to seek further clarification or information to ensure the most accurate evaluation. Additionally, it is crucial to ensure that the summaries accurately capture the main concerns and details presented in the reference text, and any potential misinterpretations should be carefully addressed to avoid incorrect scoring. If the summaries address different aspects of the reference text, the evaluation should reflect the degree to which each summary accurately represents the specific information it addresses. It's important to consider seeking further clarification or information to ensure the most accurate evaluation.","Title: Summary comparison - accuracy policy

Objective
Evaluate which summary accurately represents the information provided in the reference text.

Instructions
You are given 2 summaries (A, B) created from a reference text. Evaluate which summary accurately represents the information provided in the reference text.

Scoring Criteria
A significantly better than B in accurately representing the information (Score: -2)
A slightly better than B in accurately representing the information (Score: -1)
Neither A or B accurately represents the information (Score: 0)
B slightly better than A in accurately representing the information (Score: 1)
B significantly better than A in accurately representing the information (Score: 2)

Note: The focus is on the accuracy of the representation of information in the summaries, rather than subjective preferences or additional information not present in the reference text.

Additional Note: In cases where the summaries do not accurately represent the information provided in the reference text, it is important to carefully consider the specific details and context of the reference text to determine the most appropriate summary. If there is uncertainty about the accuracy of the summaries, it is recommended to seek further clarification or information to ensure the most accurate evaluation. Additionally, it is crucial to ensure that the summaries accurately capture the main concerns and details presented in the reference text, and any potential misinterpretations should be carefully addressed to avoid incorrect scoring. If the summaries address different aspects of the reference text, the evaluation should reflect the degree to which each summary accurately represents the specific information it addresses. It's important to consider seeking further clarification or information to ensure the most accurate evaluation.

In cases where the agent's reasoning for scoring is incorrect, it is important to re-evaluate the summaries based on the specific concerns and details presented in the reference text, ensuring that the scoring accurately reflects the accuracy of the summaries in representing the information.","Title: Summary comparison - accuracy policy

Objective
Evaluate which summary accurately represents the information provided in the reference text.

Instructions
You are given 2 summaries (A, B) created from a reference text. Evaluate which summary accurately represents the information provided in the reference text.

Scoring Criteria
A significantly better than B in accurately representing the information (Score: -2)
A slightly better than B in accurately representing the information (Score: -1)
Neither A or B accurately represents the information (Score: 0)
B slightly better than A in accurately representing the information (Score: 1)
B significantly better than A in accurately representing the information (Score: 2)

Note: The focus is on the accuracy of the representation of information in the summaries, rather than subjective preferences or additional information not present in the reference text.

Additional Note: In cases where the summaries do not accurately represent the information provided in the reference text, it is important to carefully consider the specific details and context of the reference text to determine the most appropriate summary. If there is uncertainty about the accuracy of the summaries, it is recommended to seek further clarification or information to ensure the most accurate evaluation. Additionally, it is crucial to ensure that the summaries accurately capture the main concerns and details presented in the reference text, and any potential misinterpretations should be carefully addressed to avoid incorrect scoring.

In cases where the agent's reasoning for scoring is incorrect, it is important to re-evaluate the summaries based on the specific concerns and details presented in the reference text, ensuring that the scoring accurately reflects the accuracy of the summaries in representing the information. If there are discrepancies in the scoring, it is recommended to review the reference text and seek additional information to make an informed evaluation.","Title: Summary comparison - accuracy policy

Objective
Evaluate which summary accurately represents the information provided in the reference text.

Instructions
You are given 2 summaries (A, B) created from a reference text. Evaluate which summary accurately represents the information provided in the reference text.

Scoring Criteria
A significantly better than B in accurately representing the information (Score: -2)
A slightly better than B in accurately representing the information (Score: -1)
Neither A or B accurately represents the information (Score: 0)
B slightly better than A in accurately representing the information (Score: 1)
B significantly better than A in accurately representing the information (Score: 2)

Note: The focus is on the accuracy of the representation of information in the summaries, rather than subjective preferences or additional information not present in the reference text.

Additional Note: In cases where the summaries do not accurately represent the information provided in the reference text, it is important to carefully consider the specific details and context of the reference text to determine the most appropriate summary. If there is uncertainty about the accuracy of the summaries, it is recommended to seek further clarification or information to ensure the most accurate evaluation. Additionally, it is crucial to ensure that the summaries accurately capture the main concerns and details presented in the reference text, and any potential misinterpretations should be carefully addressed to avoid incorrect scoring.

In cases where the agent's reasoning for scoring is incorrect, it is important to re-evaluate the summaries based on the specific concerns and details presented in the reference text, ensuring that the scoring accurately reflects the accuracy of the summaries in representing the information. If there are discrepancies in the scoring, it is recommended to review the reference text and seek additional information to make an informed evaluation. If the summaries do not accurately represent the information, the agent should refrain from assigning a score and instead seek further information or clarification to make an accurate evaluation.","Title: Summary comparison - accuracy policy

Objective
Evaluate which summary accurately represents the information provided in the reference text.

Instructions
You are given 2 summaries (A, B) created from a reference text. Evaluate which summary accurately represents the information provided in the reference text.

Scoring Criteria
A significantly better than B in accurately representing the information (Score: -2)
A slightly better than B in accurately representing the information (Score: -1)
Neither A or B accurately represents the information (Score: 0)
B slightly better than A in accurately representing the information (Score: 1)
B significantly better than A in accurately representing the information (Score: 2)

Note: The focus is on the accuracy of the representation of information in the summaries, rather than subjective preferences or additional information not present in the reference text.

Additional Note: In cases where the summaries do not accurately represent the information provided in the reference text, it is important to carefully consider the specific details and context of the reference text to determine the most appropriate summary. If there is uncertainty about the accuracy of the summaries, it is recommended to seek further clarification or information to ensure the most accurate evaluation. Additionally, it is crucial to ensure that the summaries accurately capture the main concerns and details presented in the reference text, and any potential misinterpretations should be carefully addressed to avoid incorrect scoring.

In cases where the agent's reasoning for scoring is incorrect, it is important to re-evaluate the summaries based on the specific concerns and details presented in the reference text, ensuring that the scoring accurately reflects the accuracy of the summaries in representing the information. If there are discrepancies in the scoring, it is recommended to review the reference text and seek additional information to make an informed evaluation. If the summaries do not accurately represent the information, the agent should refrain from assigning a score and instead seek further information or clarification to make an accurate evaluation. Additionally, the agent should consider seeking guidance from a qualified medical professional or relevant expert to ensure accurate evaluation and scoring.","Title: Summary comparison - accuracy policy

Objective
Evaluate which summary accurately represents the information provided in the reference text.

Instructions
You are given 2 summaries (A, B) created from a reference text. Evaluate which summary accurately represents the information provided in the reference text.

Scoring Criteria
A significantly better than B in accurately representing the information (Score: -2)
A slightly better than B in accurately representing the information (Score: -1)
Neither A or B accurately represents the information (Score: 0)
B slightly better than A in accurately representing the information (Score: 1)
B significantly better than A in accurately representing the information (Score: 2)

Note: The focus is on the accuracy of the representation of information in the summaries, rather than subjective preferences or additional information not present in the reference text.

Additional Note: In cases where the summaries do not accurately represent the information provided in the reference text, it is important to carefully consider the specific details and context of the reference text to determine the most appropriate summary. If there is uncertainty about the accuracy of the summaries, it is recommended to seek further clarification or information to ensure the most accurate evaluation. Additionally, it is crucial to ensure that the summaries accurately capture the main concerns and details presented in the reference text, and any potential misinterpretations should be carefully addressed to avoid incorrect scoring.

In cases where the agent's reasoning for scoring is incorrect, it is important to re-evaluate the summaries based on the specific concerns and details presented in the reference text, ensuring that the scoring accurately reflects the accuracy of the summaries in representing the information. If there are discrepancies in the scoring, it is recommended to review the reference text and seek additional information to make an informed evaluation. If the summaries do not accurately represent the information, the agent should refrain from assigning a score and instead seek further information or clarification to make an accurate evaluation. Additionally, the agent should consider seeking guidance from a qualified medical professional or relevant expert to ensure accurate evaluation and scoring.","Title: Summary comparison - accuracy policy

Objective
Evaluate which summary accurately represents the information provided in the reference text.

Instructions
You are given 2 summaries (A, B) created from a reference text. Evaluate which summary accurately represents the information provided in the reference text.

Scoring Criteria
A significantly better than B in accurately representing the information (Score: -2)
A slightly better than B in accurately representing the information (Score: -1)
Neither A or B accurately represents the information (Score: 0)
B slightly better than A in accurately representing the information (Score: 1)
B significantly better than A in accurately representing the information (Score: 2)

Note: The focus is on the accuracy of the representation of information in the summaries, rather than subjective preferences or additional information not present in the reference text.

Additional Note: In cases where the summaries do not accurately represent the information provided in the reference text, it is important to carefully consider the specific details and context of the reference text to determine the most appropriate summary. If there is uncertainty about the accuracy of the summaries, it is recommended to seek further clarification or information to ensure the most accurate evaluation. Additionally, it is crucial to ensure that the summaries accurately capture the main concerns and details presented in the reference text, and any potential misinterpretations should be carefully addressed to avoid incorrect scoring.

In cases where the agent's reasoning for scoring is incorrect, it is important to re-evaluate the summaries based on the specific concerns and details presented in the reference text, ensuring that the scoring accurately reflects the accuracy of the summaries in representing the information. If there are discrepancies in the scoring, it is recommended to review the reference text and seek additional information to make an informed evaluation. If the summaries do not accurately represent the information, the agent should refrain from assigning a score and instead seek further information or clarification to make an accurate evaluation. Additionally, the agent should consider seeking guidance from a qualified medical professional or relevant expert to ensure accurate evaluation and scoring.","Title: Summary comparison - accuracy policy

Objective
Evaluate which summary accurately represents the information provided in the reference text.

Instructions
You are given 2 summaries (A, B) created from a reference text. Evaluate which summary accurately represents the information provided in the reference text.

Scoring Criteria
A significantly better than B in accurately representing the information (Score: -2)
A slightly better than B in accurately representing the information (Score: -1)
Neither A or B accurately represents the information (Score: 0)
B slightly better than A in accurately representing the information (Score: 1)
B significantly better than A in accurately representing the information (Score: 2)

Note: The focus is on the accuracy of the representation of information in the summaries, rather than subjective preferences or additional information not present in the reference text.

Additional Note: In cases where the summaries do not accurately represent the information provided in the reference text, it is important to carefully consider the specific details and context of the reference text to determine the most appropriate summary. If there is uncertainty about the accuracy of the summaries, it is recommended to seek further clarification or information to ensure the most accurate evaluation. Additionally, it is crucial to ensure that the summaries accurately capture the main concerns and details presented in the reference text, and any potential misinterpretations should be carefully addressed to avoid incorrect scoring.

In cases where the agent's reasoning for scoring is incorrect, it is important to re-evaluate the summaries based on the specific concerns and details presented in the reference text, ensuring that the scoring accurately reflects the accuracy of the summaries in representing the information. If there are discrepancies in the scoring, it is recommended to review the reference text and seek additional information to make an informed evaluation. If the summaries do not accurately represent the information, the agent should refrain from assigning a score and instead seek further information or clarification to make an accurate evaluation. Additionally, the agent should consider seeking guidance from a qualified medical professional or relevant expert to ensure accurate evaluation and scoring.","Title: Summary comparison - accuracy policy

Objective
Evaluate which summary accurately represents the information provided in the reference text.

Instructions
You are given 2 summaries (A, B) created from a reference text. Evaluate which summary accurately represents the information provided in the reference text.

Scoring Criteria
A significantly better than B in accurately representing the information (Score: -2)
A slightly better than B in accurately representing the information (Score: -1)
Neither A or B accurately represents the information (Score: 0)
B slightly better than A in accurately representing the information (Score: 1)
B significantly better than A in accurately representing the information (Score: 2)

Note: The focus is on the accuracy of the representation of information in the summaries, rather than subjective preferences or additional information not present in the reference text.

Additional Note: In cases where the summaries do not accurately represent the information provided in the reference text, it is important to carefully consider the specific details and context of the reference text to determine the most appropriate summary. If there is uncertainty about the accuracy of the summaries, it is recommended to seek further clarification or information to ensure the most accurate evaluation. Additionally, it is crucial to ensure that the summaries accurately capture the main concerns and details presented in the reference text, and any potential misinterpretations should be carefully addressed to avoid incorrect scoring.

In cases where the agent's reasoning for scoring is incorrect, it is important to re-evaluate the summaries based on the specific concerns and details presented in the reference text, ensuring that the scoring accurately reflects the accuracy of the summaries in representing the information. If there are discrepancies in the scoring, it is recommended to review the reference text and seek additional information to make an informed evaluation. If the summaries do not accurately represent the information, the agent should refrain from assigning a score and instead seek further information or clarification to make an accurate evaluation. Additionally, the agent should consider seeking guidance from a qualified medical professional or relevant expert to ensure accurate evaluation and scoring.","Title: Summary comparison - accuracy policy

Objective
Evaluate which summary accurately represents the information provided in the reference text.

Instructions
You are given 2 summaries (A, B) created from a reference text. Evaluate which summary accurately represents the information provided in the reference text.

Scoring Criteria
A significantly better than B in accurately representing the information (Score: -2)
A slightly better than B in accurately representing the information (Score: -1)
Neither A or B accurately represents the information (Score: 0)
B slightly better than A in accurately representing the information (Score: 1)
B significantly better than A in accurately representing the information (Score: 2)

Note: The focus is on the accuracy of the representation of information in the summaries, rather than subjective preferences or additional information not present in the reference text.

Additional Note: In cases where the summaries do not accurately represent the information provided in the reference text, it is important to carefully consider the specific details and context of the reference text to determine the most appropriate summary. If there is uncertainty about the accuracy of the summaries, it is recommended to seek further clarification or information to ensure the most accurate evaluation. Additionally, it is crucial to ensure that the summaries accurately capture the main concerns and details presented in the reference text, and any potential misinterpretations should be carefully addressed to avoid incorrect scoring.

In cases where the agent's reasoning for scoring is incorrect, it is important to re-evaluate the summaries based on the specific concerns and details presented in the reference text, ensuring that the scoring accurately reflects the accuracy of the summaries in representing the information. If there are discrepancies in the scoring, it is recommended to review the reference text and seek additional information to make an informed evaluation. If the summaries do not accurately represent the information, the agent should refrain from assigning a score and instead seek further information or clarification to make an accurate evaluation. Additionally, the agent should consider seeking guidance from a qualified medical professional or relevant expert to ensure accurate evaluation and scoring.","Title: Summary comparison - accuracy policy

Objective
Evaluate which summary accurately represents the information provided in the reference text.

Instructions
You are given 2 summaries (A, B) created from a reference text. Evaluate which summary accurately represents the information provided in the reference text.

Scoring Criteria
A significantly better than B in accurately representing the information (Score: -2)
A slightly better than B in accurately representing the information (Score: -1)
Neither A or B accurately represents the information (Score: 0)
B slightly better than A in accurately representing the information (Score: 1)
B significantly better than A in accurately representing the information (Score: 2)

Note: The focus is on the accuracy of the representation of information in the summaries, rather than subjective preferences or additional information not present in the reference text.

Additional Note: In cases where the summaries do not accurately represent the information provided in the reference text, it is important to carefully consider the specific details and context of the reference text to determine the most appropriate summary. If there is uncertainty about the accuracy of the summaries, it is recommended to seek further clarification or information to ensure the most accurate evaluation. Additionally, it is crucial to ensure that the summaries accurately capture the main concerns and details presented in the reference text, and any potential misinterpretations should be carefully addressed to avoid incorrect scoring.

In cases where the agent's reasoning for scoring is incorrect, it is important to re-evaluate the summaries based on the specific concerns and details presented in the reference text, ensuring that the scoring accurately reflects the accuracy of the summaries in representing the information. If there are discrepancies in the scoring, it is recommended to review the reference text and seek additional information to make an informed evaluation. If the summaries do not accurately represent the information, the agent should refrain from assigning a score and instead seek further information or clarification to make an accurate evaluation. Additionally, the agent should consider seeking guidance from a qualified medical professional or relevant expert to ensure accurate evaluation and scoring.","Title: Summary comparison - accuracy policy

Objective
Evaluate which summary accurately represents the information provided in the reference text.

Instructions
You are given 2 summaries (A, B) created from a reference text. Evaluate which summary accurately represents the information provided in the reference text.

Scoring Criteria
A significantly better than B in accurately representing the information (Score: -2)
A slightly better than B in accurately representing the information (Score: -1)
Neither A or B accurately represents the information (Score: 0)
B slightly better than A in accurately representing the information (Score: 1)
B significantly better than A in accurately representing the information (Score: 2)

Note: The focus is on the accuracy of the representation of information in the summaries, rather than subjective preferences or additional information not present in the reference text.

Additional Note: In cases where the summaries do not accurately represent the information provided in the reference text, it is important to carefully consider the specific details and context of the reference text to determine the most appropriate summary. If there is uncertainty about the accuracy of the summaries, it is recommended to seek further clarification or information to ensure the most accurate evaluation. Additionally, it is crucial to ensure that the summaries accurately capture the main concerns and details presented in the reference text, and any potential misinterpretations should be carefully addressed to avoid incorrect scoring.

In cases where the agent's reasoning for scoring is incorrect, it is important to re-evaluate the summaries based on the specific concerns and details presented in the reference text, ensuring that the scoring accurately reflects the accuracy of the summaries in representing the information. If there are discrepancies in the scoring, it is recommended to review the reference text and seek additional information to make an informed evaluation. If the summaries do not accurately represent the information, the agent should refrain from assigning a score and instead seek further information or clarification to make an accurate evaluation. Additionally, the agent should consider seeking guidance from a qualified medical professional or relevant expert to ensure accurate evaluation and scoring.","Title: Summary comparison - accuracy policy

Objective
Evaluate which summary accurately represents the information provided in the reference text.

Instructions
You are given 2 summaries (A, B) created from a reference text. Evaluate which summary accurately represents the information provided in the reference text.

Scoring Criteria
A significantly better than B in accurately representing the information (Score: -2)
A slightly better than B in accurately representing the information (Score: -1)
Neither A or B accurately represents the information (Score: 0)
B slightly better than A in accurately representing the information (Score: 1)
B significantly better than A in accurately representing the information (Score: 2)

Note: The focus is on the accuracy of the representation of information in the summaries, rather than subjective preferences or additional information not present in the reference text.

Additional Note: In cases where the summaries do not accurately represent the information provided in the reference text, it is important to carefully consider the specific details and context of the reference text to determine the most appropriate summary. If there is uncertainty about the accuracy of the summaries, it is recommended to seek further clarification or information to ensure the most accurate evaluation. Additionally, it is crucial to ensure that the summaries accurately capture the main concerns and details presented in the reference text, and any potential misinterpretations should be carefully addressed to avoid incorrect scoring.

In cases where the agent's reasoning for scoring is incorrect, it is important to re-evaluate the summaries based on the specific concerns and details presented in the reference text, ensuring that the scoring accurately reflects the accuracy of the summaries in representing the information. If there are discrepancies in the scoring, it is recommended to review the reference text and seek additional information to make an informed evaluation. If the summaries do not accurately represent the information, the agent should refrain from assigning a score and instead seek further information or clarification to make an accurate evaluation. Additionally, the agent should consider seeking guidance from a qualified medical professional or relevant expert to ensure accurate evaluation and scoring.","Title: Summary comparison - accuracy policy

Objective
Evaluate which summary accurately represents the information provided in the reference text.

Instructions
You are given 2 summaries (A, B) created from a reference text. Evaluate which summary accurately represents the information provided in the reference text.

Scoring Criteria
A significantly better than B in accurately representing the information (Score: -2)
A slightly better than B in accurately representing the information (Score: -1)
Neither A or B accurately represents the information (Score: 0)
B slightly better than A in accurately representing the information (Score: 1)
B significantly better than A in accurately representing the information (Score: 2)

Note: The focus is on the accuracy of the representation of information in the summaries, rather than subjective preferences or additional information not present in the reference text.

Additional Note: In cases where the summaries do not accurately represent the information provided in the reference text, it is important to carefully consider the specific details and context of the reference text to determine the most appropriate summary. If there is uncertainty about the accuracy of the summaries, it is recommended to seek further clarification or information to ensure the most accurate evaluation. Additionally, it is crucial to ensure that the summaries accurately capture the main concerns and details presented in the reference text, and any potential misinterpretations should be carefully addressed to avoid incorrect scoring.

In cases where the agent's reasoning for scoring is incorrect, it is important to re-evaluate the summaries based on the specific concerns and details presented in the reference text, ensuring that the scoring accurately reflects the accuracy of the summaries in representing the information. If there are discrepancies in the scoring, it is recommended to review the reference text and seek additional information to make an informed evaluation. If the summaries do not accurately represent the information, the agent should refrain from assigning a score and instead seek further information or clarification to make an accurate evaluation. Additionally, the agent should consider seeking guidance from a qualified medical professional or relevant expert to ensure accurate evaluation and scoring.","Title: Summary comparison - accuracy policy

Objective
Evaluate which summary accurately represents the information provided in the reference text.

Instructions
You are given 2 summaries (A, B) created from a reference text. Evaluate which summary accurately represents the information provided in the reference text.

Scoring Criteria
A significantly better than B in accurately representing the information (Score: -2)
A slightly better than B in accurately representing the information (Score: -1)
Neither A or B accurately represents the information (Score: 0)
B slightly better than A in accurately representing the information (Score: 1)
B significantly better than A in accurately representing the information (Score: 2)

Note: The focus is on the accuracy of the representation of information in the summaries, rather than subjective preferences or additional information not present in the reference text.

Additional Note: In cases where the summaries do not accurately represent the information provided in the reference text, it is important to carefully consider the specific details and context of the reference text to determine the most appropriate summary. If there is uncertainty about the accuracy of the summaries, it is recommended to seek further clarification or information to ensure the most accurate evaluation. Additionally, it is crucial to ensure that the summaries accurately capture the main concerns and details presented in the reference text, and any potential misinterpretations should be carefully addressed to avoid incorrect scoring.

In cases where the agent's reasoning for scoring is incorrect, it is important to re-evaluate the summaries based on the specific concerns and details presented in the reference text, ensuring that the scoring accurately reflects the accuracy of the summaries in representing the information. If there are discrepancies in the scoring, it is recommended to review the reference text and seek additional information to make an informed evaluation. If the summaries do not accurately represent the information, the agent should refrain from assigning a score and instead seek further information or clarification to make an accurate evaluation. Additionally, the agent should consider seeking guidance from a qualified medical professional or relevant expert to ensure accurate evaluation and scoring."
score,0.46153846153846156,0.3116883116883117,0.41025641025641024,0.34615384615384615,0.4868421052631579,0.325,0.4,0.3291139240506329,0.43902439024390244,0.5866666666666667,0.43243243243243246,0.5063291139240507,0.5866666666666667,0.5256410256410257,0.5066666666666667,0.5125,0.4805194805194805,0.48148148148148145,0.5185185185185185,0.5
lower_limit,0.3548387096774194,0.21311475409836064,0.3064516129032258,0.25806451612903225,0.38333333333333336,0.234375,0.296875,0.23809523809523808,0.3384615384615385,0.48333333333333334,0.3389830508474576,0.4126984126984127,0.48333333333333334,0.41935483870967744,0.4,0.40625,0.3770491803278688,0.375,0.421875,0.38333333333333336
upper_limit,0.5645161290322581,0.4098360655737705,0.5161290322580645,0.45161290322580644,0.5833333333333334,0.421875,0.5,0.42857142857142855,0.5384615384615384,0.7,0.5423728813559322,0.6031746031746031,0.6833333333333333,0.6290322580645161,0.6166666666666667,0.609375,0.5737704918032787,0.578125,0.625,0.6
distance,0,1320,425,1036,656,2228,296,2358,1092,1445,0,0,0,0,0,0,0,0,0,0
