,0,1,2,3,4,5,6,7,8,9
current_policy,"Title: Summary comparison - correctness policy

Objective
Evaluate which summary includes less false information.

Instructions
You are given 2 summaries (A, B) created from a reference text. Evaluate which summary includes less false information.

Scoring Criteria
A significantly better than B (Score: -2)
A slightly better than B (Score: -1)
Neither A or B is better than the other (Score: 0)
B slightly better than A (Score: 1)
B significantly better than A (Score 2)","Title: Summary comparison - correctness policy

Objective
Evaluate which summary includes less false information and provide accurate labels for the comparisons.

Instructions
You are given 2 summaries (A, B) created from a reference text. Evaluate which summary includes less false information and provide accurate labels for the comparisons.

Scoring Criteria
A significantly better than B (Score: -2)
A slightly better than B (Score: -1)
Neither A or B is better than the other (Score: 0)
B slightly better than A (Score: 1)
B significantly better than A (Score 2)

Note: Ensure that the labels accurately reflect the comparison and the presence of false information in the summaries. If there are discrepancies between the summaries and the reference text, carefully evaluate the accuracy of the information presented in each summary and assign the appropriate score based on the correctness of the information.","Title: Summary comparison - correctness policy

Objective
Evaluate the accuracy of the summaries and provide correct labels for the comparisons.

Instructions
You are given 2 summaries (A, B) created from a reference text. Evaluate the accuracy of each summary and provide correct labels for the comparisons.

Scoring Criteria
A significantly better than B (Score: -2)
A slightly better than B (Score: -1)
Neither A or B is better than the other (Score: 0)
B slightly better than A (Score: 1)
B significantly better than A (Score: 2)

Note: Ensure that the labels accurately reflect the comparison and the presence of false information in the summaries. If there are discrepancies between the summaries and the reference text, carefully evaluate the accuracy of the information presented in each summary and assign the appropriate score based on the correctness of the information. If the model has incorrectly labeled examples, it should reevaluate the information and provide the correct label based on the accuracy of the summaries.","Title: Summary comparison - correctness policy

Objective
Evaluate the accuracy of the summaries and provide correct labels for the comparisons, ensuring accurate assessment of the information presented.

Instructions
You are given 2 summaries (A, B) created from a reference text. Evaluate the accuracy of each summary and provide correct labels for the comparisons. Ensure that the labels accurately reflect the comparison and the presence of false information in the summaries. If there are discrepancies between the summaries and the reference text, carefully evaluate the accuracy of the information presented in each summary and assign the appropriate score based on the correctness of the information. If the model has incorrectly labeled examples, it should reevaluate the information and provide the correct label based on the accuracy of the summaries.

Scoring Criteria
A significantly better than B (Score: -2)
A slightly better than B (Score: -1)
Neither A or B is better than the other (Score: 0)
B slightly better than A (Score: 1)
B significantly better than A (Score: 2)

Note: Ensure that the labels accurately reflect the comparison and the presence of false information in the summaries. If there are discrepancies between the summaries and the reference text, carefully evaluate the accuracy of the information presented in each summary and assign the appropriate score based on the correctness of the information. If the model has incorrectly labeled examples, it should reevaluate the information and provide the correct label based on the accuracy of the summaries.","Title: Summary comparison - correctness policy

Objective
Evaluate the accuracy of the summaries and provide correct labels for the comparisons, ensuring accurate assessment of the information presented.

Instructions
You are given 2 summaries (A, B) created from a reference text. Evaluate the accuracy of each summary and provide correct labels for the comparisons. Ensure that the labels accurately reflect the comparison and the presence of false information in the summaries. If there are discrepancies between the summaries and the reference text, carefully evaluate the accuracy of the information presented in each summary and assign the appropriate score based on the correctness of the information. If the model has incorrectly labeled examples, it should reevaluate the information and provide the correct label based on the accuracy of the summaries.

Scoring Criteria
A significantly better than B (Score: -2)
A slightly better than B (Score: -1)
Neither A or B is better than the other (Score: 0)
B slightly better than A (Score: 1)
B significantly better than A (Score: 2)

Note: Ensure that the labels accurately reflect the comparison and the presence of false information in the summaries. If there are discrepancies between the summaries and the reference text, carefully evaluate the accuracy of the information presented in each summary and assign the appropriate score based on the correctness of the information. If the model has incorrectly labeled examples, it should reevaluate the information and provide the correct label based on the accuracy of the summaries.","Title: Summary comparison - correctness policy

Objective
Evaluate the accuracy of the summaries and provide correct labels for the comparisons, ensuring accurate assessment of the information presented.

Instructions
You are given 2 summaries (A, B) created from a reference text. Evaluate the accuracy of each summary and provide correct labels for the comparisons. Ensure that the labels accurately reflect the comparison and the presence of false information in the summaries. If there are discrepancies between the summaries and the reference text, carefully evaluate the accuracy of the information presented in each summary and assign the appropriate score based on the correctness of the information. If the model has incorrectly labeled examples, it should reevaluate the information and provide the correct label based on the accuracy of the summaries.

Scoring Criteria
A significantly better than B (Score: -2)
A slightly better than B (Score: -1)
Neither A or B is better than the other (Score: 0)
B slightly better than A (Score: 1)
B significantly better than A (Score: 2)

Note: Ensure that the labels accurately reflect the comparison and the presence of false information in the summaries. If there are discrepancies between the summaries and the reference text, carefully evaluate the accuracy of the information presented in each summary and assign the appropriate score based on the correctness of the information. If the model has incorrectly labeled examples, it should reevaluate the information and provide the correct label based on the accuracy of the summaries.","Title: Summary comparison - correctness policy

Objective
Evaluate the accuracy of the summaries and provide correct labels for the comparisons, ensuring accurate assessment of the information presented.

Instructions
You are given 2 summaries (A, B) created from a reference text. Evaluate the accuracy of each summary and provide correct labels for the comparisons. Ensure that the labels accurately reflect the comparison and the presence of false information in the summaries. If there are discrepancies between the summaries and the reference text, carefully evaluate the accuracy of the information presented in each summary and assign the appropriate score based on the correctness of the information. If the model has incorrectly labeled examples, it should reevaluate the information and provide the correct label based on the accuracy of the summaries.

Scoring Criteria
A significantly better than B (Score: -2)
A slightly better than B (Score: -1)
Neither A or B is better than the other (Score: 0)
B slightly better than A (Score: 1)
B significantly better than A (Score: 2)

Note: Ensure that the labels accurately reflect the comparison and the presence of false information in the summaries. If there are discrepancies between the summaries and the reference text, carefully evaluate the accuracy of the information presented in each summary and assign the appropriate score based on the correctness of the information. If the model has incorrectly labeled examples, it should reevaluate the information and provide the correct label based on the accuracy of the summaries.","Title: Summary comparison - correctness policy

Objective
Evaluate the accuracy of the summaries and provide correct labels for the comparisons, ensuring accurate assessment of the information presented.

Instructions
You are given 2 summaries (A, B) created from a reference text. Evaluate the accuracy of each summary and provide correct labels for the comparisons. Ensure that the labels accurately reflect the comparison and the presence of false information in the summaries. If there are discrepancies between the summaries and the reference text, carefully evaluate the accuracy of the information presented in each summary and assign the appropriate score based on the correctness of the information. If the model has incorrectly labeled examples, it should reevaluate the information and provide the correct label based on the accuracy of the summaries.

Scoring Criteria
A significantly better than B (Score: -2)
A slightly better than B (Score: -1)
Neither A or B is better than the other (Score: 0)
B slightly better than A (Score: 1)
B significantly better than A (Score: 2)

Note: Ensure that the labels accurately reflect the comparison and the presence of false information in the summaries. If there are discrepancies between the summaries and the reference text, carefully evaluate the accuracy of the information presented in each summary and assign the appropriate score based on the correctness of the information. If the model has incorrectly labeled examples, it should reevaluate the information and provide the correct label based on the accuracy of the summaries.","Title: Summary comparison - correctness policy

Objective
Evaluate the accuracy of the summaries and provide correct labels for the comparisons, ensuring accurate assessment of the information presented.

Instructions
You are given 2 summaries (A, B) created from a reference text. Evaluate the accuracy of each summary and provide correct labels for the comparisons. Ensure that the labels accurately reflect the comparison and the presence of false information in the summaries. If there are discrepancies between the summaries and the reference text, carefully evaluate the accuracy of the information presented in each summary and assign the appropriate score based on the correctness of the information. If the model has incorrectly labeled examples, it should reevaluate the information and provide the correct label based on the accuracy of the summaries.

Scoring Criteria
A significantly better than B (Score: -2)
A slightly better than B (Score: -1)
Neither A or B is better than the other (Score: 0)
B slightly better than A (Score: 1)
B significantly better than A (Score: 2)

Note: Ensure that the labels accurately reflect the comparison and the presence of false information in the summaries. If there are discrepancies between the summaries and the reference text, carefully evaluate the accuracy of the information presented in each summary and assign the appropriate score based on the correctness of the information. If the model has incorrectly labeled examples, it should reevaluate the information and provide the correct label based on the accuracy of the summaries.","Title: Summary comparison - correctness policy

Objective
Evaluate the accuracy of the summaries and provide correct labels for the comparisons, ensuring accurate assessment of the information presented.

Instructions
You are given 2 summaries (A, B) created from a reference text. Evaluate the accuracy of each summary and provide correct labels for the comparisons. Ensure that the labels accurately reflect the comparison and the presence of false information in the summaries. If there are discrepancies between the summaries and the reference text, carefully evaluate the accuracy of the information presented in each summary and assign the appropriate score based on the correctness of the information. If the model has incorrectly labeled examples, it should reevaluate the information and provide the correct label based on the accuracy of the summaries.

Scoring Criteria
A significantly better than B (Score: -2)
A slightly better than B (Score: -1)
Neither A or B is better than the other (Score: 0)
B slightly better than A (Score: 1)
B significantly better than A (Score: 2)

Note: Ensure that the labels accurately reflect the comparison and the presence of false information in the summaries. If there are discrepancies between the summaries and the reference text, carefully evaluate the accuracy of the information presented in each summary and assign the appropriate score based on the correctness of the information. If the model has incorrectly labeled examples, it should reevaluate the information and provide the correct label based on the accuracy of the summaries."
score,0.550561797752809,0.33707865168539325,0.39325842696629215,0.48863636363636365,0.4883720930232558,0.45977011494252873,0.3977272727272727,0.38202247191011235,0.4318181818181818,0.39080459770114945
lower_limit,0.4647887323943662,0.2535211267605634,0.29577464788732394,0.4,0.38235294117647056,0.36231884057971014,0.3142857142857143,0.29577464788732394,0.32857142857142857,0.2898550724637681
upper_limit,0.647887323943662,0.4225352112676056,0.49295774647887325,0.5857142857142857,0.5882352941176471,0.5514492753623181,0.5,0.4788732394366197,0.5285714285714286,0.4927536231884058
distance,0,802,1446,1032,0,0,0,0,0,0
missed statements,"[(344, -1, 0.0), (198, 1, 0.0), (171, -2, 0.0), (228, -1, 0.0), (444, 0, 1.0), (418, -1, 0.0), (83, -2, 1.0), (162, 0, 1.0), (321, -1, 0.0), (29, 0, 1.0), (99, 0, 1.0), (80, 1, 0.0), (327, 1, 0.0), (211, 1, 0.0), (337, 0, 1.0), (434, -2, 0.0), (343, -1, 0.0), (39, 0, 1.0), (217, 1, 0.0), (341, -1, 0.0), (37, 0, 1.0), (20, 1, 0.0), (269, -2, 0.0), (41, 0, 1.0), (402, -2, 0.0), (10, -1, 1.0), (40, 0, 1.0), (362, 0, 1.0), (294, 1, 0.0), (4, 0, 1.0), (303, 1, 0.0), (172, -1, 0.0), (338, 0, 1.0), (436, -1, 0.0), (219, 1, 0.0), (355, 0, -1.0), (437, 1, 0.0), (332, -1, 0.0), (439, -1, 0.0), (98, 0, 1.0)]","[(344, -1, 0.0), (421, 1, 0.0), (81, -1, 1.0), (345, -1, 0.0), (228, -1, 0.0), (284, -1, 0.0), (247, 1, 0.0), (381, 1, 0.0), (444, 0, 1.0), (418, 1, 0.0), (83, -1, 1.0), (395, -1, 0.0), (162, 0, 1.0), (408, 1, 0.0), (75, 1, 0.0), (321, -1, 0.0), (29, 0, 1.0), (155, -2, 0.0), (99, 0, 1.0), (80, 1, 0.0), (327, 2, 0.0), (211, -1, 0.0), (337, -1, 1.0), (339, 0, 1.0), (24, 1, 0.0), (143, 1, 0.0), (315, 1, 0.0), (343, -1, 0.0), (39, -1, 1.0), (134, 1, 0.0), (341, 1, 0.0), (405, 2, 0.0), (37, 0, 1.0), (20, 1, 0.0), (41, 2, 1.0), (402, -1, 0.0), (10, 2, 1.0), (64, -1, 1.0), (40, 0, 1.0), (144, 1, 0.0), (362, -1, 1.0), (294, -2, 0.0), (367, -1, 0.0), (4, 0, 1.0), (303, 1, 0.0), (62, -1, 1.0), (214, -1, 0.0), (338, 0, 1.0), (436, 1, 0.0), (85, -1, 1.0), (355, 0, -1.0), (16, 1, 0.0), (398, 1, 0.0), (52, -1, 0.0), (437, -2, 0.0), (132, 1, 0.0), (332, -1, 0.0), (439, 1, 0.0), (98, 0, 1.0)]","[(122, -1, 0.0), (81, 0, 1.0), (198, -1, 0.0), (345, -1, 0.0), (228, 1, 0.0), (381, -2, 0.0), (444, 0, 1.0), (418, -1, 0.0), (83, -1, 1.0), (174, -1, 0.0), (162, -1, 1.0), (75, 1, 0.0), (321, -1, 0.0), (29, 0, 1.0), (99, -1, 1.0), (327, 1, 0.0), (211, -1, 0.0), (150, -1, 0.0), (337, 0, 1.0), (320, -1, 0.0), (434, -1, 0.0), (39, 0, 1.0), (134, -1, 0.0), (217, -1, 0.0), (121, 1, 0.0), (76, 1, 0.0), (405, 1, 0.0), (37, 0, 1.0), (20, -1, 0.0), (269, -1, 0.0), (41, 0, 1.0), (10, -1, 1.0), (64, 0, 1.0), (40, 0, 1.0), (368, -1, 0.0), (362, -2, 1.0), (448, -1, 0.0), (367, -2, 0.0), (4, 0, 1.0), (303, -1, 0.0), (62, -1, 1.0), (172, -1, 0.0), (338, 0, 1.0), (414, -1, 0.0), (436, -1, 0.0), (377, -1, 0.0), (219, -1, 0.0), (355, 0, -1.0), (16, 1, 0.0), (398, 1, 0.0), (52, -1, 0.0), (437, 1, 0.0), (209, 0, 1.0), (439, 1, 0.0)]","[(421, 1, 0.0), (122, 1, 0.0), (198, 1, 0.0), (171, 1, 0.0), (284, 1, 0.0), (247, 1, 0.0), (381, -1, 0.0), (444, 0, 1.0), (395, 1, 0.0), (408, 1, 0.0), (29, 0, 1.0), (155, 1, 0.0), (99, -1, 1.0), (327, 1, 0.0), (211, 1, 0.0), (150, -1, 0.0), (434, -1, 0.0), (339, 0, 1.0), (24, -1, 0.0), (315, 1, 0.0), (39, 0, 1.0), (22, 1, 0.0), (121, 1, 0.0), (341, 1, 0.0), (405, 1, 0.0), (37, -1, 1.0), (20, 1, 0.0), (402, -1, 0.0), (10, 0, 1.0), (64, 2, 1.0), (144, 1, 0.0), (362, 0, 1.0), (4, 0, 1.0), (303, -1, 0.0), (307, 1, 0.0), (172, 1, 0.0), (436, 1, 0.0), (85, 0, 1.0), (355, 0, -1.0), (16, 1, 0.0), (52, 1, 0.0), (437, 1, 0.0), (209, 0, 1.0), (332, 1, 0.0), (439, 1, 0.0)]","[(421, -1, 0.0), (122, 1, 0.0), (198, 1, 0.0), (171, 1, 0.0), (381, -1, 0.0), (418, 1, 0.0), (162, 0, 1.0), (408, 1, 0.0), (321, 1, 0.0), (29, -1, 1.0), (155, 1, 0.0), (327, -1, 0.0), (211, -1, 0.0), (337, -1, 1.0), (320, 1, 0.0), (339, -1, 1.0), (143, 1, 0.0), (315, 1, 0.0), (343, 1, 0.0), (121, 1, 0.0), (341, 1, 0.0), (405, 1, 0.0), (37, 0, 1.0), (20, 1, 0.0), (269, -1, 0.0), (208, -1, 1.0), (402, -1, 0.0), (10, -1, 1.0), (40, 0, 1.0), (144, -1, 0.0), (362, 2, 1.0), (4, 0, 1.0), (303, 1, 0.0), (62, -1, 1.0), (307, 1, 0.0), (338, 0, 1.0), (436, 1, 0.0), (85, -1, 1.0), (355, 0, -1.0), (16, 1, 0.0), (398, 1, 0.0), (52, 1, 0.0), (332, -1, 0.0), (439, 1, 0.0)]","[(421, -1, 0.0), (198, 1, 0.0), (171, -1, 0.0), (284, 1, 0.0), (381, -1, 0.0), (444, 0, 1.0), (418, -1, 0.0), (83, 0, 1.0), (174, 1, 0.0), (449, -1, 0.0), (162, 0, 1.0), (408, 1, 0.0), (29, 0, 1.0), (155, 1, 0.0), (150, -1, 0.0), (320, 1, 0.0), (434, -1, 0.0), (315, 1, 0.0), (343, 1, 0.0), (39, 0, 1.0), (22, 1, 0.0), (134, 1, 0.0), (121, 1, 0.0), (341, 1, 0.0), (76, 1, 0.0), (405, 1, 0.0), (447, -1, 0.0), (20, 1, 0.0), (402, 1, 0.0), (10, -1, 1.0), (60, 1, 0.0), (64, -1, 1.0), (59, 1, 0.0), (362, -1, 1.0), (4, 0, 1.0), (303, 1, 0.0), (307, 1, 0.0), (172, 1, 0.0), (436, 1, 0.0), (355, 0, -1.0), (16, 1, 0.0), (398, 1, 0.0), (437, 1, 0.0), (209, -1, 1.0), (132, -1, 0.0), (332, -1, 0.0), (439, -1, 0.0)]","[(344, 1, 0.0), (421, 1, 0.0), (171, -1, 0.0), (228, 1, 0.0), (284, 1, 0.0), (381, 1, 0.0), (418, -1, 0.0), (83, 0, 1.0), (174, -1, 0.0), (162, 0, 1.0), (408, 2, 0.0), (29, 0, 1.0), (155, 1, 0.0), (99, 0, 1.0), (327, -1, 0.0), (184, -1, 0.0), (150, -1, 0.0), (337, 0, 1.0), (320, 1, 0.0), (339, 0, 1.0), (143, 1, 0.0), (315, 1, 0.0), (39, 0, 1.0), (121, 1, 0.0), (341, 1, 0.0), (37, 0, 1.0), (20, 1, 0.0), (429, -1, 0.0), (41, 0, 1.0), (208, -1, 1.0), (402, -1, 0.0), (10, -1, 1.0), (64, -1, 1.0), (144, 1, 0.0), (362, -2, 1.0), (294, 1, 0.0), (448, -1, 0.0), (367, -1, 0.0), (4, 0, 1.0), (303, -1, 0.0), (307, -1, 0.0), (338, 0, 1.0), (414, 1, 0.0), (436, 1, 0.0), (377, -1, 0.0), (219, -1, 0.0), (355, 0, -1.0), (16, 1, 0.0), (52, -1, 0.0), (437, 1, 0.0), (332, -1, 0.0), (439, 1, 0.0), (98, -1, 1.0)]","[(344, 1, 0.0), (122, 1, 0.0), (198, 1, 0.0), (171, -1, 0.0), (247, 1, 0.0), (381, 1, 0.0), (418, 1, 0.0), (395, 1, 0.0), (174, 1, 0.0), (162, -1, 1.0), (408, -1, 0.0), (75, 1, 0.0), (29, 0, 1.0), (155, 1, 0.0), (99, -1, 1.0), (327, -1, 0.0), (184, -1, 0.0), (150, -1, 0.0), (337, -1, 1.0), (434, 1, 0.0), (339, 0, 1.0), (143, 1, 0.0), (315, 1, 0.0), (39, 0, 1.0), (22, 1, 0.0), (121, 1, 0.0), (341, 1, 0.0), (405, 2, 0.0), (37, 0, 1.0), (20, 1, 0.0), (41, -1, 1.0), (402, -1, 0.0), (10, -1, 1.0), (64, -1, 1.0), (40, 0, 1.0), (144, 1, 0.0), (362, 0, 1.0), (294, 1, 0.0), (4, 0, 1.0), (303, 1, 0.0), (307, -1, 0.0), (214, 1, 0.0), (172, -1, 0.0), (414, -1, 0.0), (436, 2, 0.0), (85, 0, 1.0), (377, -1, 0.0), (355, 1, -1.0), (16, 1, 0.0), (398, 1, 0.0), (52, 1, 0.0), (437, 1, 0.0), (209, -1, 1.0), (332, -1, 0.0), (439, 1, 0.0)]","[(344, -1, 0.0), (122, -1, 0.0), (198, 1, 0.0), (345, 1, 0.0), (284, 1, 0.0), (247, 1, 0.0), (381, 1, 0.0), (418, 1, 0.0), (395, 1, 0.0), (174, 1, 0.0), (162, 0, 1.0), (408, 1, 0.0), (29, 0, 1.0), (155, 1, 0.0), (327, 1, 0.0), (211, -1, 0.0), (184, -1, 0.0), (150, -1, 0.0), (337, -1, 1.0), (434, 2, 0.0), (339, -1, 1.0), (143, 1, 0.0), (315, 1, 0.0), (39, 0, 1.0), (22, -1, 0.0), (405, 1, 0.0), (269, 1, 0.0), (208, -1, 1.0), (402, -1, 0.0), (10, -1, 1.0), (64, -1, 1.0), (40, 0, 1.0), (144, -1, 0.0), (362, 0, 1.0), (294, 1, 0.0), (4, 0, 1.0), (303, 1, 0.0), (62, 0, 1.0), (307, -1, 0.0), (172, 1, 0.0), (338, 0, 1.0), (436, 1, 0.0), (355, 0, -1.0), (16, 1, 0.0), (52, 1, 0.0), (437, -1, 0.0), (209, 0, 1.0), (332, -1, 0.0), (439, 1, 0.0), (98, 0, 1.0)]","[(344, 1, 0.0), (421, -1, 0.0), (122, -1, 0.0), (198, 1, 0.0), (247, 1, 0.0), (381, 1, 0.0), (444, -1, 1.0), (418, -1, 0.0), (395, 1, 0.0), (174, 1, 0.0), (162, 0, 1.0), (408, 1, 0.0), (75, -1, 0.0), (29, 0, 1.0), (155, 1, 0.0), (99, -1, 1.0), (150, -1, 0.0), (337, 0, 1.0), (434, 1, 0.0), (339, 0, 1.0), (143, 1, 0.0), (315, 1, 0.0), (343, 1, 0.0), (39, 0, 1.0), (22, -1, 0.0), (217, -1, 0.0), (341, 1, 0.0), (405, 1, 0.0), (37, 0, 1.0), (447, 1, 0.0), (20, 1, 0.0), (41, 0, 1.0), (208, -1, 1.0), (402, -1, 0.0), (10, -1, 1.0), (64, 0, 1.0), (368, -1, 0.0), (362, 2, 1.0), (294, 1, 0.0), (4, 0, 1.0), (303, -1, 0.0), (62, 0, 1.0), (307, 1, 0.0), (214, 1, 0.0), (172, 1, 0.0), (338, 0, 1.0), (414, 1, 0.0), (436, 1, 0.0), (85, 0, 1.0), (355, 0, -1.0), (52, 1, 0.0), (437, 1, 0.0), (332, -1, 0.0)]"
