0,1,2,final scores
"Title: Summary comparison - correctness policy

Objective
Evaluate which summary includes less false information.

Instructions
You are given 2 summaries (A, B) created from a reference text. Evaluate which summary includes less false information.

Scoring Criteria
A significantly better than B (Score: -2)
A slightly better than B (Score: -1)
Neither A or B is better than the other (Score: 0)
B slightly better than A (Score: 1)
B significantly better than B (Score 2)",,,0.4482758620689655
0.4765840220385675,0.46236559139784944,0.5157894736842106,0.44
